StartDate,EndDate,Status,IPAddress,Progress,Duration (in seconds),Finished,RecordedDate,ResponseId,RecipientLastName,RecipientFirstName,RecipientEmail,ExternalReference,LocationLatitude,LocationLongitude,DistributionChannel,UserLanguage,QID4_Browser,QID4_Version,QID4_Operating System,QID4_Resolution,Repeat_Password,CrowdWorksID,ParticipantID,cwid,Condition
開始日,終了日,回答タイプ,IPアドレス,進行状況,時間（秒単位）,終了,記録日,回答ID,受信者の姓,受信者の名,受信者のメールアドレス,外部データ参照,位置の緯度,位置の経度,配信のチャンネル,ユーザーの言語,クリックして質問文を記述 - ブラウザー,クリックして質問文を記述 - バージョン,クリックして質問文を記述 - オペレーティングシステム,クリックして質問文を記述 - 解像度,確認のため、上記のパスワードを入力してください。,"あなたのクラウドワークスIDを半角英数字でお答えください。
※すべての回答が終わると、CrowdWorksのサイトに遷移します。




CrowdWorksIDの確認方法

CrowdWorksのページ右上のユーザー名をクリック
「自分の公開ページを確認」をクリックし，マイページを表示
マイページのURLの下6桁～8桁の数字が、あなたのCrowdWorksIDです。

   例: https://crowdworks.jp/public/employees/1234567 → 1234567

    ※URLの「employees」の部分が「employer」になっている場合もあります。",ParticipantID,cwid,Condition
"{""ImportId"":""startDate"",""timeZone"":""Asia/Seoul""}","{""ImportId"":""endDate"",""timeZone"":""Asia/Seoul""}","{""ImportId"":""status""}","{""ImportId"":""ipAddress""}","{""ImportId"":""progress""}","{""ImportId"":""duration""}","{""ImportId"":""finished""}","{""ImportId"":""recordedDate"",""timeZone"":""Asia/Seoul""}","{""ImportId"":""_recordId""}","{""ImportId"":""recipientLastName""}","{""ImportId"":""recipientFirstName""}","{""ImportId"":""recipientEmail""}","{""ImportId"":""externalDataReference""}","{""ImportId"":""locationLatitude""}","{""ImportId"":""locationLongitude""}","{""ImportId"":""distributionChannel""}","{""ImportId"":""userLanguage""}","{""ImportId"":""QID4_BROWSER""}","{""ImportId"":""QID4_VERSION""}","{""ImportId"":""QID4_OS""}","{""ImportId"":""QID4_RESOLUTION""}","{""ImportId"":""QID3_TEXT""}","{""ImportId"":""QID2_TEXT""}","{""ImportId"":""ParticipantID""}","{""ImportId"":""cwid""}","{""ImportId"":""Condition""}"
2024-03-22 12:51:36,2024-03-22 12:52:07,0,60.65.47.21,100,31,1,2024-03-22 12:52:08,R_445Jdsi0JnSK2XK,,,,,35.8292,139.6789,anonymous,JA,Chrome,122.0.0.0,Windows NT 10.0,1536x864,RO42928,4287323,42928,4287323,B
2024-03-22 12:57:47,2024-03-22 12:58:04,0,123.225.205.5,100,17,1,2024-03-22 12:58:05,R_4k4KfPANSySJH80,,,,,35.8895,139.7934,anonymous,JA,Edge,122.0.0.0,Windows NT 10.0,2560x1440,RO72089,1791041,72089,1791041,B
2024-03-22 12:57:31,2024-03-22 12:58:24,0,61.213.27.107,100,52,1,2024-03-22 12:58:24,R_494uQVu502BSHz4,,,,,35.6143,140.1062,anonymous,JA,Chrome,123.0.0.0,Windows NT 10.0,1366x768,RO82675,2613017,82675,2613017,A
2024-03-22 12:59:09,2024-03-22 12:59:41,0,118.104.75.197,100,32,1,2024-03-22 12:59:42,R_4GvkcjzhAf35deB,,,,,34.6988,137.7338,anonymous,JA,Chrome,122.0.0.0,Windows NT 10.0,1366x768,RO77471,1181538,77471,1181538,B
2024-03-22 13:02:50,2024-03-22 13:03:25,0,182.165.128.227,100,34,1,2024-03-22 13:03:25,R_4ml8x7hGjQ5KvwO,,,,,34.6886,135.1959,anonymous,JA,Chrome,123.0.0.0,Windows NT 10.0,1280x800,RO78023,5231896,78023,5231896,A
2024-03-22 13:02:56,2024-03-22 13:03:27,0,61.87.33.3,100,30,1,2024-03-22 13:03:27,R_4skPdeWHbsegQU1,,,,,35.7631,139.6554,anonymous,JA,Edge,122.0.0.0,Windows NT 10.0,1024x640,RO37360,1822057,37360,1822057,A
2024-03-22 13:03:29,2024-03-22 13:04:02,0,153.243.25.139,100,33,1,2024-03-22 13:04:03,R_4KvhGEbz8jqDoah,,,,,35.6837,139.6805,anonymous,JA,Chrome,122.0.0.0,Windows NT 10.0,1536x864,RO74769,312376,74769,312376,A
2024-03-22 13:03:47,2024-03-22 13:04:11,0,203.189.35.126,100,23,1,2024-03-22 13:04:11,R_4VdA6GRGWHkflNh,,,,,34.0788,131.7742,anonymous,JA,Chrome,123.0.0.0,Windows NT 10.0,1920x1080,RO42502,4189255,42502,4189255,A
2024-03-22 13:04:17,2024-03-22 13:04:47,0,133.106.35.156,100,29,1,2024-03-22 13:04:48,R_4meipuNx64u8PU5,,,,,35.6887,139.745,anonymous,JA,Chrome,122.0.0.0,Linux x86_64,720x1152,RO15683,3266322,15683,3266322,A
2024-03-22 13:04:53,2024-03-22 13:05:23,0,180.31.200.103,100,30,1,2024-03-22 13:05:24,R_4B8gsr9IqgpcaDT,,,,,36.392,140.2939,anonymous,JA,Chrome,122.0.0.0,Windows NT 10.0,1440x900,RO39545,2141268,39545,2141268,B
2024-03-22 13:05:10,2024-03-22 13:05:51,0,60.120.2.143,100,41,1,2024-03-22 13:05:52,R_4UVDd37UOgOuvQB,,,,,35.7821,139.6984,anonymous,JA,Chrome,122.0.0.0,Windows NT 10.0,1920x1080,RO27382,4290757,27382,4290757,B
2024-03-22 13:05:15,2024-03-22 13:05:56,0,219.104.98.104,100,41,1,2024-03-22 13:05:57,R_4A1nWX8Onu3E3qt,,,,,33.0222,130.4475,anonymous,JA,Chrome,122.0.0.0,Windows NT 10.0,1366x768,RO80336,2810580,80336,2810580,C
2024-03-22 13:05:31,2024-03-22 13:06:02,0,136.23.34.9,100,30,1,2024-03-22 13:06:02,R_4dWPyFVjjNHPoA4,,,,,35.6897,139.6895,anonymous,JA,Edge,122.0.0.0,Windows NT 10.0,1536x864,RO23082,5039480,23082,5039480,C
2024-03-22 13:05:50,2024-03-22 13:06:28,0,180.198.153.70,100,38,1,2024-03-22 13:06:28,R_4TsEviZbvogYgxp,,,,,34.9701,136.6171,anonymous,JA,Edge,122.0.0.0,Windows NT 10.0,1536x864,RO58496,2106307,58496,2106307,C
2024-03-22 13:06:21,2024-03-22 13:06:59,0,182.169.168.83,100,38,1,2024-03-22 13:06:59,R_4QMJ61JBBDBCeLK,,,,,35.2786,139.6477,anonymous,JA,Chrome,122.0.0.0,Windows NT 10.0,1536x864,RO36589,4093278,36589,4093278,C
2024-03-22 13:06:37,2024-03-22 13:07:05,0,180.30.22.11,100,27,1,2024-03-22 13:07:05,R_4HcsFWtPkHgWf6P,,,,,34.834,134.6949,anonymous,JA,Chrome,122.0.0.0,Macintosh,1440x900,RO53117,198468,53117,198468,C
2024-03-22 13:06:52,2024-03-22 13:07:06,0,27.95.216.41,100,13,1,2024-03-22 13:07:06,R_4Hr2YlIB70vNOcF,,,,,35.3376,139.4184,anonymous,JA,Edge,122.0.0.0,Windows NT 10.0,1280x720,RO71651,1359285,71651,1359285,C
2024-03-22 13:06:44,2024-03-22 13:07:33,0,180.197.124.47,100,49,1,2024-03-22 13:07:34,R_4Nf6bZrxRfzXgyR,,,,,35.833,136.9456,anonymous,JA,Chrome,122.0.0.0,Windows NT 10.0,1920x1080,RO50189,3312891,50189,3312891,B
2024-03-22 13:08:15,2024-03-22 13:08:46,0,27.92.154.27,100,30,1,2024-03-22 13:08:46,R_42JwsAbUX1xJbDj,,,,,35.4643,139.6262,anonymous,JA,Chrome,122.0.0.0,Macintosh,1440x900,RO44327,4662595,44327,4662595,B
2024-03-22 13:09:30,2024-03-22 13:10:04,0,115.30.226.164,100,34,1,2024-03-22 13:10:05,R_42yiUQUzihFLwH7,,,,,34.3316,134.0452,anonymous,JA,Chrome,123.0.0.0,Windows NT 10.0,1280x720,RO41352,5261619,41352,5261619,B
2024-03-22 13:09:27,2024-03-22 13:10:24,0,27.85.112.107,100,57,1,2024-03-22 13:10:25,R_4XVKo2xCAVdeog1,,,,,34.8567,135.5998,anonymous,JA,Chrome,122.0.0.0,Windows NT 10.0,1920x1080,RO97587,4854693,97587,4854693,B
2024-03-22 13:10:11,2024-03-22 13:10:31,0,61.86.53.105,100,19,1,2024-03-22 13:10:31,R_4xMnIsOMXEA8pbH,,,,,34.6813,135.6958,anonymous,JA,Chrome,122.0.0.0,Windows NT 10.0,1536x864,RO29875,5398551,29875,5398551,C
2024-03-22 13:10:00,2024-03-22 13:10:38,0,153.151.82.131,100,37,1,2024-03-22 13:10:38,R_4Xn67Obbss3EwW5,,,,,35.7949,139.7334,anonymous,JA,Chrome,122.0.0.0,Linux x86_64,798x385,RO41074,5302284,41074,5302284,A
2024-03-22 13:11:15,2024-03-22 13:11:55,0,133.106.202.186,100,40,1,2024-03-22 13:11:55,R_4wAeybRjPHZlBc2,,,,,35.6897,139.6895,anonymous,JA,Edge,122.0.0.0,Windows NT 10.0,1366x768,RO60582,2758922,60582,2758922,C
2024-03-22 13:12:14,2024-03-22 13:12:41,0,49.106.209.107,100,27,1,2024-03-22 13:12:41,R_4sp1ZbYQIBBMCRO,,,,,35.6897,139.6895,anonymous,JA,Chrome,123.0.0.0,Windows NT 10.0,1920x1080,RO33985,367640,33985,367640,A
2024-03-22 13:11:46,2024-03-22 13:12:44,0,119.171.37.245,100,58,1,2024-03-22 13:12:44,R_4RNUi1NBksvQTyS,,,,,35.3269,139.4271,anonymous,JA,Chrome,121.0.0.0,Windows NT 10.0,1920x1080,RO99598,113910,99598,113910,B
2024-03-22 12:57:09,2024-03-22 13:13:03,0,60.124.23.27,100,953,1,2024-03-22 13:13:04,R_4G3O1ibqWbK9t3s,,,,,35.6472,139.468,anonymous,JA,Chrome,122.0.0.0,Windows NT 10.0,1360x768,RO67589,603644,67589,603644,B
2024-03-22 13:12:47,2024-03-22 13:13:09,0,60.61.253.60,100,22,1,2024-03-22 13:13:10,R_4JlP00maAImFdfj,,,,,35.8691,139.6582,anonymous,JA,Edge,122.0.0.0,Windows NT 10.0,1536x864,RO85871,1439109,85871,1439109,C
2024-03-22 13:12:50,2024-03-22 13:13:20,0,60.85.57.109,100,30,1,2024-03-22 13:13:20,R_4vhSVBNFe8Z4uU8,,,,,35.6897,139.6895,anonymous,JA,Chrome,122.0.0.0,CrOS x86_64 14541.0.0,1080x675,RO80947,1641297,80947,1641297,B
2024-03-22 13:13:10,2024-03-22 13:13:35,0,59.169.192.244,100,24,1,2024-03-22 13:13:35,R_47gr9TnaVKKFZTz,,,,,43.0763,141.3654,anonymous,JA,Edge,122.0.0.0,Windows NT 10.0,1366x768,RO52070,5015788,52070,5015788,A
2024-03-22 13:13:53,2024-03-22 13:14:29,0,121.92.149.249,100,36,1,2024-03-22 13:14:30,R_4IaWSAkvBS4al5c,,,,,36.7135,137.227,anonymous,JA,Chrome,122.0.0.0,Windows NT 10.0,1920x1080,RO19878,5138531,19878,5138531,C
2024-03-22 13:14:13,2024-03-22 13:14:52,0,153.239.147.0,100,38,1,2024-03-22 13:14:52,R_465MIR23O3B6mbT,,,,,34.6946,135.5021,anonymous,JA,Chrome,122.0.0.0,Windows NT 10.0,1280x720,RO95479,5208842,95479,5208842,A
2024-03-22 13:14:56,2024-03-22 13:15:13,0,119.150.27.141,100,16,1,2024-03-22 13:15:13,R_40aCK0rhy4RnUeB,,,,,33.5545,133.5326,anonymous,JA,Chrome,122.0.0.0,Windows NT 10.0,3492x1965,RO53384,1523010,53384,1523010,B
2024-03-22 13:15:44,2024-03-22 13:16:05,0,124.219.162.102,100,20,1,2024-03-22 13:16:06,R_4HEgfgbkWF9Q4lb,,,,,35.5713,139.5718,anonymous,JA,Chrome,122.0.0.0,Windows NT 10.0,1366x768,RO79925,968553,79925,968553,B
2024-03-22 13:15:54,2024-03-22 13:16:31,0,61.86.162.145,100,37,1,2024-03-22 13:16:31,R_4KrhUkrTTzbInkt,,,,,35.0203,135.7602,anonymous,JA,Chrome,122.0.0.0,Windows NT 10.0,1920x1080,RO51388,4758400,51388,4758400,A
2024-03-22 13:16:01,2024-03-22 13:16:32,0,126.42.50.50,100,31,1,2024-03-22 13:16:33,R_42hx83QPDNei24m,,,,,35.6143,140.1062,anonymous,JA,Chrome,123.0.0.0,Windows NT 10.0,1366x768,RO71688,5081515,71688,5081515,C
2024-03-22 13:15:51,2024-03-22 13:16:36,0,153.135.247.177,100,44,1,2024-03-22 13:16:36,R_4TMTrt4zLq3NX7X,,,,,35.6837,139.6805,anonymous,JA,Chrome,123.0.0.0,Windows NT 10.0,1372x654,RO89157,1786264,89157,1786264,B
2024-03-22 13:15:50,2024-03-22 13:16:36,0,133.32.225.9,100,45,1,2024-03-22 13:16:36,R_4CsBl4s1GTXf5rc,,,,,35.6837,139.6805,anonymous,JA,Chrome,122.0.0.0,Windows NT 10.0,1366x768,RO41682,3184242,41682,3184242,B
2024-03-22 13:16:36,2024-03-22 13:17:06,0,138.64.96.18,100,29,1,2024-03-22 13:17:06,R_4e85vhr1NlUAU84,,,,,35.6837,139.6805,anonymous,JA,Chrome,122.0.0.0,Windows NT 10.0,1600x900,RO50584,3579473,50584,3579473,C
2024-03-22 13:17:10,2024-03-22 13:17:39,0,133.32.131.105,100,29,1,2024-03-22 13:17:40,R_4mWx65vPn7Fg4il,,,,,35.6837,139.6805,anonymous,JA,Chrome,122.0.0.0,Windows NT 10.0,1536x864,RO85534,5372982,85534,5372982,C
2024-03-22 13:17:35,2024-03-22 13:17:56,0,61.86.53.105,100,20,1,2024-03-22 13:17:56,R_40x3bX5fnt9lfjz,,,,,34.6813,135.6958,anonymous,JA,Edge,122.0.0.0,Windows NT 10.0,1536x864,RO47701,4087419,47701,4087419,C
2024-03-22 13:17:48,2024-03-22 13:18:15,0,221.190.23.171,100,26,1,2024-03-22 13:18:15,R_4R8m5u1jAJIgnDI,,,,,35.6897,139.6895,anonymous,JA,Chrome,123.0.0.0,Windows NT 10.0,1920x1080,RO76692,276409,76692,276409,A
2024-03-22 13:18:31,2024-03-22 13:18:52,0,171.96.189.225,100,21,1,2024-03-22 13:18:53,R_4VMZfhhqETriqfT,,,,,13.7063,100.4597,anonymous,JA,Chrome,123.0.0.0,Windows NT 10.0,1182x739,RO20572,878721,20572,878721,B
2024-03-22 13:18:29,2024-03-22 13:19:01,0,60.145.56.36,100,32,1,2024-03-22 13:19:02,R_43rr5MFr1pULQOI,,,,,34.6986,135.5079,anonymous,JA,Chrome,122.0.0.0,Windows NT 10.0,1366x768,RO45860,4550563,45860,4550563,A
2024-03-22 13:18:42,2024-03-22 13:19:06,0,114.150.219.2,100,23,1,2024-03-22 13:19:06,R_4CXhUBBIz4pt2LL,,,,,35.2881,139.1398,anonymous,JA,Chrome,122.0.0.0,Windows NT 10.0,1440x900,RO80907,4873650,80907,4873650,B
2024-03-22 13:18:39,2024-03-22 13:19:20,0,114.162.133.6,100,40,1,2024-03-22 13:19:20,R_4q8KsXbxFVEeJjZ,,,,,38.2676,140.87,anonymous,JA,Chrome,123.0.0.0,Windows NT 10.0,1536x864,RO14013,4409144,14013,4409144,A
2024-03-22 13:18:58,2024-03-22 13:19:32,0,180.31.142.44,100,34,1,2024-03-22 13:19:33,R_4I69PocYAsFcAPl,,,,,36.392,140.2939,anonymous,JA,Chrome,116.0.0.0,Macintosh,1920x1080,RO62008,4008717,62008,4008717,A
2024-03-22 13:19:18,2024-03-22 13:19:39,0,138.64.211.183,100,20,1,2024-03-22 13:19:40,R_4hLH2J1CKNiF7ML,,,,,34.6922,135.1816,anonymous,JA,Edge,122.0.0.0,Windows NT 10.0,1920x1080,RO97212,2623557,97212,2623557,B
2024-03-22 13:19:22,2024-03-22 13:19:45,0,27.133.53.168,100,23,1,2024-03-22 13:19:46,R_4RgEHjWM8aArUad,,,,,34.3331,134.0603,anonymous,JA,Chrome,109.0.0.0,Windows NT 10.0,1366x768,RO55379,188917,55379,188917,A
2024-03-22 13:19:07,2024-03-22 13:19:50,0,150.66.83.142,100,42,1,2024-03-22 13:19:50,R_4SeiGMCAaGY2fiU,,,,,35.6897,139.6895,anonymous,JA,Chrome,122.0.0.0,Linux x86_64,1920x1080,RO86482,2912766,86482,2912766,A
2024-03-22 13:18:58,2024-03-22 13:19:56,0,122.26.98.133,100,58,1,2024-03-22 13:19:57,R_4zcejvhTo2VRGxQ,,,,,35.3895,139.5814,anonymous,JA,Edge,122.0.0.0,Windows NT 10.0,1920x1080,RO21852,1887732,21852,1887732,A
2024-03-22 13:19:23,2024-03-22 13:20:04,0,119.150.70.164,100,40,1,2024-03-22 13:20:04,R_4lm0FAvliePDGmV,,,,,35.6143,140.1062,anonymous,JA,Chrome,122.0.0.0,Windows NT 10.0,1920x1080,RO90960,62735,90960,62735,A
2024-03-22 13:19:42,2024-03-22 13:20:13,0,106.154.148.94,100,30,1,2024-03-22 13:20:14,R_4esTkPvYOnlExq1,,,,,34.6947,135.5,anonymous,JA,Chrome,123.0.0.0,Windows NT 10.0,1920x1080,RO71209,1304218,71209,1304218,B
2024-03-22 13:20:08,2024-03-22 13:20:43,0,49.98.165.61,100,34,1,2024-03-22 13:20:43,R_4gN392cyFdeW4LW,,,,,35.6897,139.6895,anonymous,JA,Chrome,109.0.0.0,Windows NT 10.0,1366x768,RO72784,192367,72784,192367,C
2024-03-22 13:20:26,2024-03-22 13:20:47,0,113.35.38.183,100,21,1,2024-03-22 13:20:47,R_4tlNLiNpMOnlc1V,,,,,35.8475,139.7328,anonymous,JA,Chrome,123.0.0.0,Windows NT 10.0,1920x1080,RO78120,3260097,78120,3260097,C
2024-03-22 13:20:09,2024-03-22 13:20:52,0,140.227.228.202,100,43,1,2024-03-22 13:20:53,R_4jwYxyN3oY8STvd,,,,,35.0333,134.8121,anonymous,JA,Chrome,122.0.6261.51,Windows NT 10.0,1920x1080,RO32490,1595964,32490,1595964,C
2024-03-22 13:21:12,2024-03-22 13:21:52,0,125.52.83.68,100,40,1,2024-03-22 13:21:53,R_4P6Me6vipWiPVht,,,,,42.8225,141.6516,anonymous,JA,Chrome,122.0.0.0,Windows NT 10.0,1450x816,RO31583,753876,31583,753876,C
2024-03-22 13:22:13,2024-03-22 13:22:41,0,106.180.2.143,100,28,1,2024-03-22 13:22:42,R_4PZtaP1tmuOij9T,,,,,35.6837,139.6805,anonymous,JA,Chrome,123.0.0.0,Windows NT 10.0,1920x1200,RO78444,4752507,78444,4752507,B
2024-03-22 13:22:25,2024-03-22 13:23:05,0,153.212.79.63,100,39,1,2024-03-22 13:23:05,R_7YzwOt5wB1RJDfX,,,,,35.6837,139.6805,anonymous,JA,Edge,122.0.0.0,Windows NT 10.0,1536x960,RO40146,5127776,40146,5127776,A
2024-03-22 13:22:15,2024-03-22 13:23:08,0,153.201.141.139,100,52,1,2024-03-22 13:23:09,R_4w4V6rLT36NY4MK,,,,,34.9701,136.6171,anonymous,JA,Chrome,123.0.0.0,Windows NT 10.0,1536x864,RO54318,1060098,54318,1060098,C
2024-03-22 13:22:10,2024-03-22 13:23:09,0,131.147.232.219,100,59,1,2024-03-22 13:23:10,R_4NJEiV6PgY2SBep,,,,,35.8418,139.794,anonymous,JA,Chrome,122.0.0.0,Windows NT 10.0,1536x864,「RO43569」,1534032,43569,1534032,B
2024-03-22 13:22:48,2024-03-22 13:23:13,0,60.111.183.188,100,24,1,2024-03-22 13:23:14,R_4EaQKcW5v7Ux7IY,,,,,35.6837,139.6805,anonymous,JA,Chrome,122.0.0.0,Windows NT 10.0,1536x864,RO32945,707767,32945,707767,A
2024-03-22 13:22:58,2024-03-22 13:23:37,0,118.7.167.136,100,39,1,2024-03-22 13:23:38,R_4G1vR2GeQoZt0pJ,,,,,39.7014,141.1403,anonymous,JA,Chrome,122.0.0.0,Windows NT 10.0,1920x1080,RO73010,3693076,73010,3693076,A
2024-03-22 13:23:20,2024-03-22 13:23:53,0,147.161.195.103,100,32,1,2024-03-22 13:23:53,R_4e3sX7GS4M1oXKt,,,,,34.6946,135.5021,anonymous,JA,Chrome,122.0.0.0,Windows NT 10.0,1280x800,RO53782,915200,53782,915200,C
2024-03-22 13:23:30,2024-03-22 13:23:54,0,118.109.63.0,100,24,1,2024-03-22 13:23:54,R_4DurpWlBRn1h5vJ,,,,,34.1904,131.465,anonymous,JA,Chrome,122.0.0.0,Windows NT 10.0,1600x900,RO43549,122636,43549,122636,A
2024-03-22 13:23:49,2024-03-22 13:24:20,0,61.205.96.78,100,31,1,2024-03-22 13:24:21,R_4C8imaqhSP2esNO,,,,,35.6897,139.6895,anonymous,JA,Safari,17.1.2,Macintosh,1440x900,RO46861,728411,46861,728411,A
2024-03-22 13:23:47,2024-03-22 13:24:25,0,133.206.33.192,100,38,1,2024-03-22 13:24:25,R_4hFineNiRydZwXT,,,,,34.6986,135.5079,anonymous,JA,Chrome,122.0.0.0,Windows NT 10.0,1536x864,RO58365,1472598,58365,1472598,B
2024-03-22 13:24:05,2024-03-22 13:24:42,0,133.218.180.159,100,36,1,2024-03-22 13:24:43,R_4R2v9lDkKFVFZ9n,,,,,35.1826,136.88,anonymous,JA,Chrome,123.0.0.0,Windows NT 10.0,1920x1080,RO68295,4960690,68295,4960690,B
2024-03-22 13:25:01,2024-03-22 13:25:16,0,61.86.53.105,100,15,1,2024-03-22 13:25:16,R_42qQzUWv6EKn2Sx,,,,,34.6813,135.6958,anonymous,JA,Edge,122.0.0.0,Windows NT 10.0,1536x864,RO27874,5439917,27874,5439917,A
2024-03-22 13:25:01,2024-03-22 13:25:34,0,219.100.37.244,100,33,1,2024-03-22 13:25:34,R_4EpjuXK5PHHGCLP,,,,,35.6897,139.6895,anonymous,JA,Chrome,123.0.0.0,Windows NT 10.0,1366x768,RO45920,149507,45920,149507,B
2024-03-22 13:25:13,2024-03-22 13:25:42,0,217.178.86.203,100,29,1,2024-03-22 13:25:43,R_4dSmZtxRxgd7IIE,,,,,35.6897,139.6895,anonymous,JA,Edge,122.0.0.0,Windows NT 10.0,1366x768,RO48243,4605808,48243,4605808,C
2024-03-22 13:25:10,2024-03-22 13:25:46,0,14.12.96.66,100,35,1,2024-03-22 13:25:46,R_4Td9T5QhlDXaoIV,,,,,32.7481,129.8816,anonymous,JA,Chrome,122.0.0.0,Windows NT 10.0,1536x864,RO69306,222621,69306,222621,A
2024-03-22 13:25:14,2024-03-22 13:25:53,0,106.72.205.160,100,38,1,2024-03-22 13:25:53,R_4dxKZyfdZFuXYyd,,,,,35.6958,139.5855,anonymous,JA,Chrome,122.0.0.0,Windows NT 10.0,1280x720,RO67709,4398508,67709,4398508,C
2024-03-22 13:24:57,2024-03-22 13:26:04,0,133.106.188.43,100,66,1,2024-03-22 13:26:04,R_4dcpRpS04E8YPUe,,,,,35.6887,139.745,anonymous,JA,Chrome,122.0.0.0,Windows NT 10.0,1366x768,RO84118,81949,84118,81949,A
2024-03-22 13:25:53,2024-03-22 13:26:18,0,153.191.5.7,100,24,1,2024-03-22 13:26:19,R_4DZcKFD0kZMh3Ud,,,,,34.6988,137.7338,anonymous,JA,Chrome,122.0.0.0,Windows NT 10.0,1536x864,RO34345,1039845,34345,1039845,B
2024-03-22 13:27:09,2024-03-22 13:27:36,0,220.220.144.112,100,27,1,2024-03-22 13:27:37,R_4GqBEwcX0AUrCpv,,,,,37.4051,140.3896,anonymous,JA,Chrome,122.0.0.0,Windows NT 10.0,1280x1024,RO18042,1610899,18042,1610899,A
2024-03-22 13:26:46,2024-03-22 13:27:38,0,153.198.209.206,100,52,1,2024-03-22 13:27:39,R_4lDlODMU9qXb4P6,,,,,33.8396,132.7601,anonymous,JA,Chrome,122.0.0.0,Windows NT 10.0,1536x864,RO41949,1916814,41949,1916814,B
2024-03-22 13:27:25,2024-03-22 13:27:51,0,121.200.172.212,100,26,1,2024-03-22 13:27:51,R_4fabJ7ImbKclMI1,,,,,35.4818,133.0704,anonymous,JA,Edge,122.0.0.0,Windows NT 10.0,1280x720,RO53162,839571,53162,839571,A
2024-03-22 13:26:44,2024-03-22 13:28:04,0,106.72.183.33,100,79,1,2024-03-22 13:28:04,R_4JoT6h2Ycn6648N,,,,,35.754,139.7803,anonymous,JA,Chrome,123.0.0.0,Windows NT 10.0,1536x864,RO11220,3327831,11220,3327831,C
2024-03-22 13:27:27,2024-03-22 13:28:12,0,14.13.132.0,100,44,1,2024-03-22 13:28:12,R_4UWS9PkXnJweOkF,,,,,34.8094,135.3661,anonymous,JA,Edge,122.0.0.0,Windows NT 10.0,1280x720,RO27913,1653418,27913,1653418,C
2024-03-22 13:28:39,2024-03-22 13:29:04,0,217.178.129.102,100,24,1,2024-03-22 13:29:04,R_4rUKiLL3qo73Jm5,,,,,35.6837,139.6805,anonymous,JA,Chrome,122.0.0.0,Windows NT 10.0,1920x1080,RO48379,1034994,48379,1034994,A
2024-03-22 13:28:55,2024-03-22 13:29:21,0,121.80.47.126,100,25,1,2024-03-22 13:29:21,R_4K6ZiQ7O12XwSkt,,,,,34.8132,134.6873,anonymous,JA,Chrome,122.0.0.0,Windows NT 10.0,2560x1440,RO11932,757433,11932,757433,A
2024-03-22 13:28:30,2024-03-22 13:29:25,0,203.180.17.152,100,54,1,2024-03-22 13:29:25,R_41EiBaqhcVoqVr3,,,,,34.6401,133.9183,anonymous,JA,Chrome,122.0.0.0,Windows NT 10.0,1366x768,RO34463,1821086,34463,1821086,B
2024-03-22 13:29:02,2024-03-22 13:29:41,0,114.170.19.37,100,38,1,2024-03-22 13:29:41,R_4MVR1P4RzxO3jDI,,,,,32.7965,130.6768,anonymous,JA,Chrome,123.0.0.0,Windows NT 10.0,1920x1080,RO59177,114735,59177,114735,B
2024-03-22 13:29:30,2024-03-22 13:30:12,0,119.150.149.167,100,42,1,2024-03-22 13:30:12,R_4CqCsqRkMrjI2iS,,,,,34.9764,136.6106,anonymous,JA,Edge,122.0.0.0,Windows NT 10.0,1920x1080,RO26587,4103250,26587,4103250,B
2024-03-22 13:30:10,2024-03-22 13:30:41,0,171.96.189.225,100,30,1,2024-03-22 13:30:42,R_4ccQDBpx1fQjmeZ,,,,,13.7063,100.4597,anonymous,JA,Chrome,123.0.0.0,Windows NT 10.0,1182x739,RO52848,4823576,52848,4823576,C
2024-03-22 13:30:24,2024-03-22 13:30:57,0,136.23.34.145,100,32,1,2024-03-22 13:30:57,R_4oVzXGQNfZEcxSF,,,,,35.6897,139.6895,anonymous,JA,Chrome,122.0.0.0,Windows NT 10.0,1536x864,RO21371,5632292,21371,5632292,A
2024-03-22 13:30:49,2024-03-22 13:31:19,0,114.170.19.37,100,30,1,2024-03-22 13:31:20,R_4TLTjgqiTgjuV50,,,,,32.7965,130.6768,anonymous,JA,Chrome,122.0.0.0,Windows NT 10.0,1920x1080,RO80220,115345,80220,115345,B
2024-03-22 13:31:31,2024-03-22 13:31:39,0,61.86.53.105,100,7,1,2024-03-22 13:31:39,R_4wGIGRhEyujaH6F,,,,,34.6813,135.6958,anonymous,JA,Chrome,122.0.0.0,Windows NT 10.0,1536x864,RO40393,5023829,40393,5023829,A
2024-03-22 13:31:23,2024-03-22 13:31:54,0,133.218.150.214,100,30,1,2024-03-22 13:31:55,R_4uyX0nCeDvL8uXL,,,,,35.179,136.8939,anonymous,JA,Chrome,122.0.0.0,Windows NT 10.0,1536x864,RO81442,2044605,81442,2044605,B
2024-03-22 13:31:49,2024-03-22 13:32:13,0,140.227.204.70,100,23,1,2024-03-22 13:32:13,R_4vkNw8oD9L1TMFI,,,,,35.0333,134.8121,anonymous,JA,Chrome,122.0.0.0,Windows NT 10.0,1920x1080,RO56288,671182,56288,671182,C
2024-03-22 13:32:23,2024-03-22 13:33:09,0,133.204.177.96,100,46,1,2024-03-22 13:33:09,R_43XecYroZU5E00N,,,,,33.3164,130.5099,anonymous,JA,Edge,122.0.0.0,Windows NT 10.0,1280x720,RO19140,1778742,19140,1778742,C
2024-03-22 13:33:12,2024-03-22 13:34:14,0,182.255.70.52,100,61,1,2024-03-22 13:34:14,R_4PItPppgeG0ESf7,,,,,34.7673,137.3854,anonymous,JA,Edge,122.0.0.0,Windows NT 10.0,1366x768,RO46428,244690,46428,244690,B
2024-03-22 13:35:12,2024-03-22 13:35:48,0,219.126.41.39,100,36,1,2024-03-22 13:35:49,R_4GCVVVPinbED7lE,,,,,31.7339,130.765,anonymous,JA,Chrome,121.0.0.0,Windows NT 10.0,1920x1080,RO35946,1867212,35946,1867212,B
2024-03-22 13:36:28,2024-03-22 13:36:55,0,49.97.110.38,100,27,1,2024-03-22 13:36:56,R_4qxTdQUmv9ST82K,,,,,35.6837,139.6805,anonymous,JA,Chrome,122.0.0.0,Windows NT 10.0,1536x864,RO39960,5674712,39960,5674712,A
2024-03-22 13:37:13,2024-03-22 13:37:54,0,115.179.145.9,100,41,1,2024-03-22 13:37:55,R_4fMZDGb78LvsYRb,,,,,43.0763,141.3654,anonymous,JA,Chrome,122.0.0.0,Windows NT 10.0,1920x1080,RO21478,148287,21478,148287,A
2024-03-22 13:37:11,2024-03-22 13:38:01,0,14.13.132.0,100,50,1,2024-03-22 13:38:01,R_4aWz9Z4LYUnJ7jm,,,,,34.8094,135.3661,anonymous,JA,Chrome,122.0.0.0,Windows NT 10.0,1280x720,RO78048,297683,78048,297683,A
2024-03-22 13:40:53,2024-03-22 13:41:36,0,1.73.25.127,100,43,1,2024-03-22 13:41:37,R_4HY7YIrhpLWRyK2,,,,,35.6897,139.6895,anonymous,JA,Chrome iPad,122.0.6261.89,iPad,810x1080,RO70748,607634,70748,607634,B
2024-03-22 13:41:25,2024-03-22 13:42:01,0,179.6.54.138,100,35,1,2024-03-22 13:42:01,R_1qdBYh54l7xhjJh,,,,,-7.163,-78.5008,anonymous,JA,Chrome,122.0.0.0,Windows NT 10.0,1366x768,RO33767,1221408,33767,1221408,C
2024-03-22 13:42:19,2024-03-22 13:42:35,0,140.227.204.70,100,16,1,2024-03-22 13:42:36,R_4S92k8VFVXgFvWE,,,,,35.0333,134.8121,anonymous,JA,Chrome,123.0.0.0,Windows NT 10.0,1579x940,RO71313,2417166,71313,2417166,A
2024-03-22 13:41:17,2024-03-22 13:42:49,0,126.85.226.131,100,92,1,2024-03-22 13:42:50,R_4KpajPcdx0tzUQy,,,,,34.3927,132.4501,anonymous,JA,Chrome,122.0.0.0,Windows NT 10.0,1536x864,RO36373,804422,36373,804422,B
2024-03-22 13:43:00,2024-03-22 13:43:45,0,202.177.98.188,100,45,1,2024-03-22 13:43:46,R_4EboY4nHxtPrBKI,,,,,35.8339,139.3822,anonymous,JA,Edge,115.0.1901.203,Windows NT 10.0,1920x1080,RO79038,739464,79038,739464,A
2024-03-22 13:44:10,2024-03-22 13:44:58,0,37.170.128.26,100,48,1,2024-03-22 13:44:59,R_2MKB9XS67yE9qyO,,,,,48.8582,2.3387,anonymous,JA,Chrome,122.0.0.0,Windows NT 10.0,1366x768,RO27630,2884266,27630,2884266,A
2024-03-22 13:45:26,2024-03-22 13:46:32,0,113.32.130.192,100,65,1,2024-03-22 13:46:32,R_49tss6jBh182UJr,,,,,35.9418,139.6173,anonymous,JA,Chrome,122.0.0.0,Windows NT 10.0,1280x720,RO35091,5289773,35091,5289773,C
2024-03-22 13:45:41,2024-03-22 13:46:40,0,133.106.38.27,100,59,1,2024-03-22 13:46:40,R_4BxGStChxxGSaXg,,,,,35.6887,139.745,anonymous,JA,Chrome,122.0.0.0,Windows NT 10.0,2560x1440,RO52540,5134695,52540,5134695,B
2024-03-22 13:48:11,2024-03-22 13:48:43,0,133.218.150.214,100,31,1,2024-03-22 13:48:43,R_4Fmoa4Jnw7jgl3E,,,,,35.179,136.8939,anonymous,JA,Chrome,122.0.0.0,Windows NT 10.0,1536x864,RO83777,2193018,83777,2193018,A
2024-03-22 13:49:05,2024-03-22 13:49:57,0,58.188.31.192,100,52,1,2024-03-22 13:49:58,R_4CI7iJwvVos8aMr,,,,,34.5018,135.8553,anonymous,JA,Chrome,123.0.0.0,Windows NT 10.0,1680x1050,RO97865,1526455,97865,1526455,B
2024-03-22 13:49:57,2024-03-22 13:51:03,0,49.109.9.83,100,66,1,2024-03-22 13:51:04,R_4r0RhIgyqFa6S13,,,,,35.6622,139.6842,anonymous,JA,Chrome,122.0.0.0,Windows NT 10.0,1920x1080,RO33836,4557270,33836,4557270,C
2024-03-22 14:07:12,2024-03-22 14:07:35,0,222.149.48.32,100,22,1,2024-03-22 14:07:35,R_4Ba0FSxEX8owNoK,,,,,43.0459,141.3543,anonymous,JA,Chrome,122.0.0.0,Windows NT 10.0,1920x1080,RO27841,2349425,27841,2349425,A
2024-03-22 14:13:25,2024-03-22 14:14:58,0,106.150.243.118,100,92,1,2024-03-22 14:14:58,R_4snUuoIYcv5E7lv,,,,,35.8691,139.6582,anonymous,JA,Chrome,122.0.0.0,Windows NT 10.0,1366x768,RO48674,3831171,48674,3831171,A
2024-03-22 14:17:08,2024-03-22 14:18:10,0,106.161.32.186,100,61,1,2024-03-22 14:18:10,R_4xWyMwAVBFy65Cx,,,,,35.7949,139.7334,anonymous,JA,Edge,122.0.0.0,Windows NT 10.0,1536x864,RO30381,5502251,30381,5502251,B
2024-03-22 14:18:15,2024-03-22 14:18:35,0,27.89.111.46,100,20,1,2024-03-22 14:18:36,R_4VAO8wL5ikkIYtH,,,,,34.6986,135.5079,anonymous,JA,Chrome,122.0.0.0,Windows NT 10.0,1920x1080,RO88210,4625321,88210,4625321,B
2024-03-22 14:26:15,2024-03-22 14:26:52,0,60.118.115.226,100,36,1,2024-03-22 14:26:53,R_4z5Yehu1R4DS6CR,,,,,35.6897,139.6895,anonymous,JA,Chrome,122.0.0.0,Windows NT 10.0,1536x864,RO58116,2100161,58116,2100161,A
2024-03-22 14:35:13,2024-03-22 14:35:55,0,133.206.81.33,100,41,1,2024-03-22 14:35:55,R_4G8nubM3591cFdW,,,,,34.8199,135.6469,anonymous,JA,Chrome,122.0.0.0,Windows NT 10.0,1920x1080,RO58054,4105392,58054,4105392,C
2024-03-22 14:38:04,2024-03-22 14:39:36,0,58.183.149.188,100,92,1,2024-03-22 14:39:36,R_4uHE5hhbNuvKFqh,,,,,34.4936,133.3575,anonymous,JA,Chrome,122.0.0.0,Windows NT 10.0,1536x864,RO66118,1296231,66118,1296231,A
2024-03-22 14:43:22,2024-03-22 14:44:03,0,153.186.64.135,100,41,1,2024-03-22 14:44:03,R_4dEQgLA3Q7syW1o,,,,,36.0355,139.2294,anonymous,JA,Chrome,102.0.0.0,Windows NT 10.0,2560x1440,RO61479,42040,61479,42040,C
2024-03-22 14:50:06,2024-03-22 14:51:27,0,220.96.72.0,100,80,1,2024-03-22 14:51:27,R_4GO1sGc8CCh0Ked,,,,,36.6125,136.6089,anonymous,JA,Chrome,109.0.0.0,Windows NT 10.0,1280x1024,RO80961,1069349,80961,1069349,C
